{"started_at": 1781324467.7967355, "expires_at": 1781343367.7966473, "mode": "workflow_dispatch"}