{"started_at": 1781421005.798153, "expires_at": 1781439905.79807, "mode": "schedule"}