{"started_at": 1781261508.3690202, "expires_at": 1781280408.3689327, "mode": "schedule"}