{"started_at": 1781407871.871968, "expires_at": 1781426771.8718734, "mode": "workflow_dispatch"}