{"started_at": 1781240814.5695715, "expires_at": 1781259714.56948, "mode": "workflow_dispatch"}