{"started_at": 1781097941.4345238, "expires_at": 1781116841.4344304, "mode": "workflow_dispatch"}