{"started_at": 1781113485.8923576, "expires_at": 1781132385.8922884, "mode": "schedule"}