{"started_at": 1781332863.4476168, "expires_at": 1781351763.447527, "mode": "schedule"}