{"started_at": 1781197137.5621085, "expires_at": 1781216037.56203, "mode": "schedule"}