{"started_at": 1781343902.2954257, "expires_at": 1781362802.2953372, "mode": "schedule"}