{"started_at": 1780476830.0645523, "expires_at": 1780496630.0644767, "mode": "workflow_dispatch"}