{"started_at": 1781188357.297802, "expires_at": 1781207257.2977176, "mode": "schedule"}