{"started_at": 1781175072.6573775, "expires_at": 1781193972.657305, "mode": "schedule"}