{"started_at": 1781281275.8100739, "expires_at": 1781300175.8099911, "mode": "schedule"}