{"started_at": 1781356009.9108462, "expires_at": 1781374909.9107695, "mode": "schedule"}