{"started_at": 1780391433.5371835, "expires_at": 1780411233.5371153, "mode": "workflow_dispatch"}