{"started_at": 1781200425.5962672, "expires_at": 1781219325.5961947, "mode": "schedule"}