{"started_at": 1781248089.5099032, "expires_at": 1781266989.5097945, "mode": "schedule"}