{"started_at": 1781161092.4922056, "expires_at": 1781179992.4921188, "mode": "schedule"}