{"started_at": 1781366515.8925335, "expires_at": 1781385415.89244, "mode": "schedule"}