{"started_at": 1781274104.1409123, "expires_at": 1781293004.1408353, "mode": "schedule"}