{"started_at": 1781363016.9286904, "expires_at": 1781381916.928604, "mode": "schedule"}