{"started_at": 1781431549.235642, "expires_at": 1781450449.2355454, "mode": "schedule"}