{"started_at": 1780399972.197827, "expires_at": 1780419772.1977572, "mode": "workflow_dispatch"}